Name,FitNum,N,DF,K,ChiSq,RedChiSq,Rsq,AdjRsq,AIC,BIC,RSS,TSS,SDR
A35C8_25C_pH5.4,1,640,619,21,1479.807084059937,2.3906414928270387,0.9177511151914012,0.9149562501736332,579.9423989431796,672.1380850155397,1479.807084059937,17991.81943321898,1.5461699430615765
