Name,FitNum,N,DF,K,ChiSq,RedChiSq,Rsq,AdjRsq,AIC,BIC,RSS,TSS,SDR
A35C8_25C_pH7.4,1,640,619,21,1479.807084059937,2.3906414928270387,0.7494984685696594,0.7409862806084342,579.9423989431796,672.1380850155397,1479.807084059937,5907.3773945028415,1.5461699430615765
