Name,FitNum,N,DF,K,ChiSq,RedChiSq,Rsq,AdjRsq,AIC,BIC,RSS,TSS,SDR
U38N3_25C_pH7.4,1,338,325,13,384.39276691795095,1.1827469751321569,0.2516838358571496,0.22165880457981302,70.59666692141882,119.1728067725746,384.39276691795095,513.6769527867261,1.0875417119044937
