Name,FitNum,RedChiSq,lf,AlignMag,Temp,pA,pB,pC,dwB,dwC,kexAB,kexAC,kexBC,k12,k21,k13,k31,k23,k32,tau1,tau2,tau3,dG12,dG13,ddG12,ddG21,ddG13,ddG31,ddG23,ddG32,R1,R1b,R1c,R2,R2b,R2c,pA_err,pB_err,pC_err,dwB_err,dwC_err,kexAB_err,kexAC_err,kexBC_err,k12_err,k21_err,k13_err,k31_err,k23_err,k32_err,tau1_err,tau2_err,tau3_err,dG12_err,dG13_err,ddG12_err,ddG21_err,ddG13_err,ddG31_err,ddG23_err,ddG32_err,R1_err,R1b_err,R1c_err,R2_err,R2b_err,R2c_err
U38N3_25C_pH5.4,1,13.684839364959037,90.0,auto,298.15,0.9064,0.0572,0.0364,2.8837789869510266,-7.555164106745175,4020000.0,0.0,100000.0,238630.136986,3781369.86301,0.0,0.0,38888.8888889,61111.1111111,4.19058553387e-06,2.59787401412e-05,1.63636363636e-05,1.63699199802,1.90478629057,10.1166202721,8.47962827406,0.0,0.0,11.191509796,10.9237155034,1.6727159161013014,1.6727159161013014,1.6727159161013014,2.577390822883052,2.577390822883052,2.577390822883052,0.0677997050141,0.0572,0.0364,28.789762890640468,6.323828184927289,4020000.0,0.0,100000.0,328040.752018,3788063.41468,0.0,0.0,51399.7782553,69743.5260574,5.76072598075e-06,3.39950819535e-05,1.86751259856e-05,1.00779832252,0.617411451668,0.814478611297,0.593533529473,0.0,0.0,0.783092178328,0.676177781286,0.20362539959734777,0.20362539959734777,0.20362539959734777,17.56169462781386,17.56169462781386,17.56169462781386
