Name,FitNum,N,DF,K,ChiSq,RedChiSq,Rsq,AdjRsq,AIC,BIC,RSS,TSS,SDR
U38N3_25C_pH5.4,1,507,487,20,6664.516770735051,13.684839364959037,-2.6172507722463427,-2.7661088287173854,1347.7815490677833,1430.6233740778787,6664.51677073505,1842.4259721966498,3.6993025511519106
