Name,FitNum,N,DF,K,ChiSq,RedChiSq,Rsq,AdjRsq,AIC,BIC,RSS,TSS,SDR
U38N3_25C_pH6.4,1,507,487,20,6664.516770735051,13.684839364959037,-17.285843702259953,-18.038347558320034,1347.7815490677833,1430.6233740778787,6664.51677073505,364.4631814233095,3.6993025511519106
