Name,FitNum,N,DF,K,ChiSq,RedChiSq,Rsq,AdjRsq,AIC,BIC,RSS,TSS,SDR
U38N3_25C_pH7.0,1,507,487,20,6664.516770735051,13.684839364959037,-11.657834660042015,-12.178733205722756,1347.7815490677833,1430.6233740778787,6664.51677073505,526.513179364987,3.6993025511519106
