Name,FitNum,RedChiSq,lf,AlignMag,Temp,pA,pB,pC,dwB,dwC,kexAB,kexAC,kexBC,k12,k21,k13,k31,k23,k32,tau1,tau2,tau3,dG12,dG13,ddG12,ddG21,ddG13,ddG31,ddG23,ddG32,R1,R1b,R1c,R2,R2b,R2c,pA_err,pB_err,pC_err,dwB_err,dwC_err,kexAB_err,kexAC_err,kexBC_err,k12_err,k21_err,k13_err,k31_err,k23_err,k32_err,tau1_err,tau2_err,tau3_err,dG12_err,dG13_err,ddG12_err,ddG21_err,ddG13_err,ddG31_err,ddG23_err,ddG32_err,R1_err,R1b_err,R1c_err,R2_err,R2b_err,R2c_err
U38N3_25C_pH7.4,1,13.684839364959037,90.0,auto,298.15,0.99897,0.00063,0.0004,0.7042910922142295,-3.0935538096797823,3790000.0,0.0,100000.0,2388.65546218,3787611.34454,0.0,0.0,38834.9514563,61165.0485437,0.000418645558487,2.6014018641e-05,1.63492063492e-05,4.36587804135,4.63501736228,12.8445291737,8.47865113239,0.0,0.0,11.1923321205,10.9231927996,1.4860384058622724,1.4860384058622724,1.4860384058622724,8.59555754264202,8.59555754264202,8.59555754264202,0.000746257328272,0.00063,0.0004,3.1547817227902533,10.257531902472032,3790000.0,0.0,100000.0,3377.00507155,3787612.09679,0.0,0.0,51347.8634846,69782.6109655,0.000591867766857,3.40479433655e-05,1.86526510389e-05,1.02599830528,0.592722104922,0.83763608168,0.592484866566,0.0,0.0,0.783387769574,0.675960106621,0.06833077544948844,0.06833077544948844,0.06833077544948844,0.18641770835865884,0.18641770835865884,0.18641770835865884
