Name,FitNum,N,DF,K,ChiSq,RedChiSq,Rsq,AdjRsq,AIC,BIC,RSS,TSS,SDR
U38N3_25C_pH7.0,1,507,487,20,2961.5831560935094,6.081279581300841,-4.6248984302071845,-4.856375731861801,936.5672982057768,1019.409123215872,2961.583156093509,526.513179364987,2.4660250569085544
