Name,FitNum,RedChiSq,lf,AlignMag,Temp,pA,pB,pC,dwB,dwC,kexAB,kexAC,kexBC,k12,k21,k13,k31,k23,k32,tau1,tau2,tau3,dG12,dG13,ddG12,ddG21,ddG13,ddG31,ddG23,ddG32,R1,R1b,R1c,R2,R2b,R2c,pA_err,pB_err,pC_err,dwB_err,dwC_err,kexAB_err,kexAC_err,kexBC_err,k12_err,k21_err,k13_err,k31_err,k23_err,k32_err,tau1_err,tau2_err,tau3_err,dG12_err,dG13_err,ddG12_err,ddG21_err,ddG13_err,ddG31_err,ddG23_err,ddG32_err,R1_err,R1b_err,R1c_err,R2_err,R2b_err,R2c_err
U38N3_25C_pH6.4,1,6.081279581300841,60.0,avg,298.15,0.9898,0.0062,0.004,1.8509707560346005,-6.775831222588878,38100000.0,0.0,10000.0,237168.674699,37862831.3253,0.0,0.0,3921.56862745,6078.43137255,4.21640843282e-06,0.000255026411126,0.000164516129032,3.00564764605,3.26530700875,10.1202600325,7.11461238645,0.0,0.0,12.5507982863,12.2911389236,1.7713052777183889,1.7713052777183889,1.7713052777183889,4.870245427075465,4.870245427075465,4.870245427075465,0.00737834669828,0.0062,0.004,3.0817247100177623,0.35368832850543797,38100000.0,0.0,10000.0,334369.464007,37863564.9395,0.0,0.0,5171.33815528,6950.63779572,5.94445379224e-06,0.000336266340367,0.000188122881443,1.02410480337,0.594890686946,0.835307648328,0.592496228627,0.0,0.0,0.781304442036,0.677501584972,0.056085062077039546,0.056085062077039546,0.056085062077039546,0.2555618415107592,0.2555618415107592,0.2555618415107592
