Name,FitNum,RedChiSq,lf,AlignMag,Temp,pA,pB,pC,dwB,dwC,kexAB,kexAC,kexBC,k12,k21,k13,k31,k23,k32,tau1,tau2,tau3,dG12,dG13,ddG12,ddG21,ddG13,ddG31,ddG23,ddG32,R1,R1b,R1c,R2,R2b,R2c,pA_err,pB_err,pC_err,dwB_err,dwC_err,kexAB_err,kexAC_err,kexBC_err,k12_err,k21_err,k13_err,k31_err,k23_err,k32_err,tau1_err,tau2_err,tau3_err,dG12_err,dG13_err,ddG12_err,ddG21_err,ddG13_err,ddG31_err,ddG23_err,ddG32_err,R1_err,R1b_err,R1c_err,R2_err,R2b_err,R2c_err
U38N3_25C_pH6.0,1,6.081279581300841,90.0,auto,298.15,0.9748,0.0154,0.0098,0.9126212701405189,-4.410077439540539,38500000.0,0.0,10000.0,598767.925672,37901232.0743,0.0,0.0,3888.88888889,6111.11111111,1.67009613763e-06,0.000257169241509,0.000163636363636,2.45754664178,2.72534093432,9.57155843055,7.11401178877,0.0,0.0,12.5557563466,12.287962054,1.6870754039831435,1.6870754039831435,1.6870754039831435,3.923228304108157,3.923228304108157,3.923228304108157,0.0182537667346,0.0154,0.0098,1.6801618531408733,0.13409775966463183,38500000.0,0.0,10000.0,840299.241681,37905817.1332,0.0,0.0,5139.97782553,6974.35260574,2.34378038271e-06,0.000339868112276,0.000186751259856,1.02102139547,0.598514397945,0.831481553799,0.592556424069,0.0,0.0,0.783092178328,0.676177781286,0.06493626564294928,0.06493626564294928,0.06493626564294928,0.3691054125033029,0.3691054125033029,0.3691054125033029
