Name,FitNum,N,DF,K,ChiSq,RedChiSq,Rsq,AdjRsq,AIC,BIC,RSS,TSS,SDR
U38N3_25C_pH6.4,1,507,487,20,2961.5831560935094,6.081279581300841,-7.125877474174127,-7.460275724140141,936.5672982057768,1019.409123215872,2961.583156093509,364.4631814233095,2.4660250569085544
