Name,FitNum,RedChiSq,lf,AlignMag,Temp,pA,pB,pC,dwB,dwC,kexAB,kexAC,kexBC,k12,k21,k13,k31,k23,k32,tau1,tau2,tau3,dG12,dG13,ddG12,ddG21,ddG13,ddG31,ddG23,ddG32,R1,R1b,R1c,R2,R2b,R2c,pA_err,pB_err,pC_err,dwB_err,dwC_err,kexAB_err,kexAC_err,kexBC_err,k12_err,k21_err,k13_err,k31_err,k23_err,k32_err,tau1_err,tau2_err,tau3_err,dG12_err,dG13_err,ddG12_err,ddG21_err,ddG13_err,ddG31_err,ddG23_err,ddG32_err,R1_err,R1b_err,R1c_err,R2_err,R2b_err,R2c_err
U38N3_25C_pH7.4,1,6.081279581300841,90.0,auto,298.15,0.99897,0.00063,0.0004,0.12060981352862118,-7.003284675686578,37900000.0,0.0,10000.0,23886.5546218,37876113.4454,0.0,0.0,3883.49514563,6116.50485437,4.18645558487e-05,0.000257526401864,0.000163492063492,4.36587804135,4.63501736228,11.4802826231,7.11440458177,0.0,0.0,12.5565786711,12.2874393502,1.504141995747114,1.504141995747114,1.504141995747114,8.056122634639246,8.056122634639246,8.056122634639246,0.000746257328272,0.00063,0.0004,1.9399690306648816,1.4494298607396123,37900000.0,0.0,10000.0,33770.0507155,37876120.9679,0.0,0.0,5134.78634846,6978.26109655,5.91867766857e-05,0.000340468436039,0.000186526510389,1.02599830528,0.592722104922,0.83763608168,0.592484866566,0.0,0.0,0.783387769574,0.675960106621,0.045177602992037706,0.045177602992037706,0.045177602992037706,0.20111523191910477,0.20111523191910477,0.20111523191910477
