Name,FitNum,N,DF,K,ChiSq,RedChiSq,Rsq,AdjRsq,AIC,BIC,RSS,TSS,SDR
U38N3_25C_pH5.4,1,507,487,20,2961.5831560935094,6.081279581300841,-0.6074367170163875,-0.6735863761528644,936.5672982057768,1019.409123215872,2961.583156093509,1842.4259721966498,2.4660250569085544
