Name,FitNum,N,DF,K,ChiSq,RedChiSq,Rsq,AdjRsq,AIC,BIC,RSS,TSS,SDR
U38N3_25C_pH6.0,1,507,487,20,2961.5831560935094,6.081279581300841,-2.400813471683351,-2.5407646433575626,936.5672982057768,1019.409123215872,2961.583156093509,870.8455140962408,2.4660250569085544
