Name,FitNum,N,DF,K,ChiSq,RedChiSq,Rsq,AdjRsq,AIC,BIC,RSS,TSS,SDR
U38N3_25C_pH7.0,1,507,486,21,998.588961163086,2.054709796631864,-0.8966077209452892,-0.9787288799965288,387.5661003705214,474.45967680676097,998.5889611630862,526.513179364987,1.433425895061152
