Name,FitNum,N,DF,K,ChiSq,RedChiSq,Rsq,AdjRsq,AIC,BIC,RSS,TSS,SDR
U38N3_25C_pH5.4,1,507,486,21,998.588961163086,2.054709796631864,0.45800321085763407,0.434535308647346,387.5661003705214,474.45967680676097,998.5889611630862,1842.4259721966498,1.433425895061152
