Name,FitNum,N,DF,K,ChiSq,RedChiSq,Rsq,AdjRsq,AIC,BIC,RSS,TSS,SDR
U38N3_25C_pH6.0,1,507,487,20,2960.024217033355,6.078078474401139,-2.399023327467276,-2.53890083065523,936.3003496994152,1019.1421747095104,2960.024217033355,870.8455140962408,2.4653759296304365
