Name,FitNum,N,DF,K,ChiSq,RedChiSq,Rsq,AdjRsq,AIC,BIC,RSS,TSS,SDR
U38N3_25C_pH5.4,1,507,487,20,2960.024217033355,6.078078474401139,-0.6065905831235314,-0.6727054219351993,936.3003496994152,1019.1421747095104,2960.024217033355,1842.4259721966498,2.4653759296304365
