Name,FitNum,N,DF,K,ChiSq,RedChiSq,Rsq,AdjRsq,AIC,BIC,RSS,TSS,SDR
U38N3_25C_pH7.0,1,507,487,20,2960.024217033355,6.078078474401139,-4.621937556441338,-4.853293011438924,936.3003496994152,1019.1421747095104,2960.024217033355,526.513179364987,2.4653759296304365
