Name,FitNum,N,DF,K,ChiSq,RedChiSq,Rsq,AdjRsq,AIC,BIC,RSS,TSS,SDR
U38N3_25C_pH6.4,1,507,487,20,2960.024217033355,6.078078474401139,-7.121600117394038,-7.45582234444729,936.3003496994152,1019.1421747095104,2960.024217033355,364.4631814233095,2.4653759296304365
