Name,FitNum,N,DF,K,ChiSq,RedChiSq,Rsq,AdjRsq,AIC,BIC,RSS,TSS,SDR
U38N3_25C_pH7.4,1,507,487,20,2960.024217033355,6.078078474401139,-4.762423641892163,-4.999560417278672,936.3003496994152,1019.1421747095104,2960.024217033355,513.6769527867261,2.4653759296304365
