Name,FitNum,RedChiSq,lf,AlignMag,Temp,pA,pB,pC,dwB,dwC,kexAB,kexAC,kexBC,k12,k21,k13,k31,k23,k32,tau1,tau2,tau3,dG12,dG13,ddG12,ddG21,ddG13,ddG31,ddG23,ddG32,R1,R1b,R1c,R2,R2b,R2c,pA_err,pB_err,pC_err,dwB_err,dwC_err,kexAB_err,kexAC_err,kexBC_err,k12_err,k21_err,k13_err,k31_err,k23_err,k32_err,tau1_err,tau2_err,tau3_err,dG12_err,dG13_err,ddG12_err,ddG21_err,ddG13_err,ddG31_err,ddG23_err,ddG32_err,R1_err,R1b_err,R1c_err,R2_err,R2b_err,R2c_err
U38N3_25C_pH5.4,1,6.078078474401139,90.0,auto,298.15,0.9064,0.0572,0.0364,2.556871295663014,-2.918272082763747,4020000.0,0.0,10000.0,238630.136986,3781369.86301,0.0,0.0,3888.88888889,6111.11111111,4.19058553387e-06,0.00025740731157,0.000163636363636,1.63699199802,1.90478629057,10.1166202721,8.47962827406,0.0,0.0,12.5557563466,12.287962054,2.336568121590802,2.336568121590802,2.336568121590802,2.03642275094312,2.03642275094312,2.03642275094312,0.0677997050141,0.0572,0.0364,33.053278616405784,1.9055407697153623,4020000.0,0.0,10000.0,328040.752018,3788063.41468,0.0,0.0,5139.97782553,6974.35260574,5.76072598075e-06,0.000339875282991,0.000186751259856,1.00779832252,0.617411451668,0.814478611297,0.593533529473,0.0,0.0,0.783092178328,0.676177781286,0.13835671964278703,0.13835671964278703,0.13835671964278703,1.0556620844200097,1.0556620844200097,1.0556620844200097
