Name,FitNum,N,DF,K,ChiSq,RedChiSq,Rsq,AdjRsq,AIC,BIC,RSS,TSS,SDR
U38N3_25C_pH6.0,1,507,487,20,4401.557582736627,9.038105919377058,-4.054349493095273,-4.2623474146218285,1137.4581891849011,1220.3000141949965,4401.557582736627,870.8455140962408,3.0063442782517535
