Name,FitNum,N,DF,K,ChiSq,RedChiSq,Rsq,AdjRsq,AIC,BIC,RSS,TSS,SDR
U38N3_25C_pH7.4,1,507,487,20,4401.557582736627,9.038105919377058,-7.568727015798416,-7.921349526736623,1137.4581891849011,1220.3000141949965,4401.557582736627,513.6769527867261,3.0063442782517535
