Name,FitNum,N,DF,K,ChiSq,RedChiSq,Rsq,AdjRsq,AIC,BIC,RSS,TSS,SDR
U38N3_25C_pH5.4,1,507,487,20,4401.557582736627,9.038105919377058,-1.3890010503319319,-1.4873138507571144,1137.4581891849011,1220.3000141949965,4401.557582736627,1842.4259721966498,3.0063442782517535
