Name,FitNum,N,DF,K,ChiSq,RedChiSq,Rsq,AdjRsq,AIC,BIC,RSS,TSS,SDR
U38N3_25C_pH7.0,1,507,487,20,4401.557582736627,9.038105919377058,-7.359824132123768,-7.703849816573305,1137.4581891849011,1220.3000141949965,4401.557582736627,526.513179364987,3.0063442782517535
