Name,FitNum,RedChiSq,lf,AlignMag,Temp,pA,pB,pC,dwB,dwC,kexAB,kexAC,kexBC,k12,k21,k13,k31,k23,k32,tau1,tau2,tau3,dG12,dG13,ddG12,ddG21,ddG13,ddG31,ddG23,ddG32,R1,R1b,R1c,R2,R2b,R2c,pA_err,pB_err,pC_err,dwB_err,dwC_err,kexAB_err,kexAC_err,kexBC_err,k12_err,k21_err,k13_err,k31_err,k23_err,k32_err,tau1_err,tau2_err,tau3_err,dG12_err,dG13_err,ddG12_err,ddG21_err,ddG13_err,ddG31_err,ddG23_err,ddG32_err,R1_err,R1b_err,R1c_err,R2_err,R2b_err,R2c_err
U38N3_25C_pH7.4,1,9.038105919377058,90.0,auto,298.15,0.99897,0.00063,0.0004,-0.02086222624340523,-6.68956391852456,37900000.0,0.0,100.0,23886.5546218,37876113.4454,0.0,0.0,38.8349514563,61.1650485437,4.18645558487e-05,0.0257500264019,0.0163492063492,4.36587804135,4.63501736228,11.4802826231,7.11440458177,0.0,0.0,15.2850717724,15.0159324515,1.4833067563142308,1.4833067563142308,1.4833067563142308,8.60066048518294,8.60066048518294,8.60066048518294,0.000746257328272,0.00063,0.0004,5.248751281880218,7.849267619242095,37900000.0,0.0,100.0,33770.0507155,37876120.9679,0.0,0.0,51.3478634846,69.7826109655,5.91867766857e-05,0.0340468427395,0.0186526510389,1.02599830528,0.592722104922,0.83763608168,0.592484866566,0.0,0.0,0.783387769574,0.675960106621,0.05565351423900968,0.05565351423900968,0.05565351423900968,0.09973480261518117,0.09973480261518117,0.09973480261518117
