Name,FitNum,RedChiSq,lf,AlignMag,Temp,pA,pB,pC,dwB,dwC,kexAB,kexAC,kexBC,k12,k21,k13,k31,k23,k32,tau1,tau2,tau3,dG12,dG13,ddG12,ddG21,ddG13,ddG31,ddG23,ddG32,R1,R1b,R1c,R2,R2b,R2c,pA_err,pB_err,pC_err,dwB_err,dwC_err,kexAB_err,kexAC_err,kexBC_err,k12_err,k21_err,k13_err,k31_err,k23_err,k32_err,tau1_err,tau2_err,tau3_err,dG12_err,dG13_err,ddG12_err,ddG21_err,ddG13_err,ddG31_err,ddG23_err,ddG32_err,R1_err,R1b_err,R1c_err,R2_err,R2b_err,R2c_err
U38N3_25C_pH7.0,1,9.038105919377058,80.0,auto,298.15,0.9974,0.0016,0.001,0.6887933301620534,-7.956952337134823,37900000.0,0.0,100.0,60700.7007007,37839299.2993,0.0,0.0,38.4615384615,61.5384615385,1.64742744063e-05,0.0260000264276,0.01625,3.81272720321,4.09119718546,10.9277079377,7.11498073452,0.0,0.0,15.2907963073,15.012326325,1.0134302989478625,1.0134302989478625,1.0134302989478625,7.589773108971197,7.589773108971197,7.589773108971197,0.00188679622641,0.0016,0.001,5.031576458093196,16.85904382009947,37900000.0,0.0,100.0,85775.1145917,37839347.8308,0.0,0.0,50.9872424249,70.0527743761,2.32795133945e-05,0.0344673758989,0.0184983107337,1.025667168,0.593079539694,0.837229993123,0.592485508795,0.0,0.0,0.785438251647,0.674459507077,0.09662274727122698,0.09662274727122698,0.09662274727122698,0.1805126466651007,0.1805126466651007,0.1805126466651007
