Name,FitNum,N,DF,K,ChiSq,RedChiSq,Rsq,AdjRsq,AIC,BIC,RSS,TSS,SDR
U38N3_25C_pH6.4,1,507,487,20,4401.557582736627,9.038105919377058,-11.076823687779845,-11.57381231690659,1137.4581891849011,1220.3000141949965,4401.557582736627,364.4631814233095,3.0063442782517535
