Name,FitNum,N,DF,K,ChiSq,RedChiSq,Rsq,AdjRsq,AIC,BIC,RSS,TSS,SDR
U38N3_25C_pH5.4,1,507,487,20,6589.174648219226,13.530132747883421,-2.5763578822997264,-2.723533103793542,1342.0172881724593,1424.8591131825547,6589.174648219225,1842.4259721966498,3.67833287616597
