Name,FitNum,RedChiSq,lf,AlignMag,Temp,pA,pB,pC,dwB,dwC,kexAB,kexAC,kexBC,k12,k21,k13,k31,k23,k32,tau1,tau2,tau3,dG12,dG13,ddG12,ddG21,ddG13,ddG31,ddG23,ddG32,R1,R1b,R1c,R2,R2b,R2c,pA_err,pB_err,pC_err,dwB_err,dwC_err,kexAB_err,kexAC_err,kexBC_err,k12_err,k21_err,k13_err,k31_err,k23_err,k32_err,tau1_err,tau2_err,tau3_err,dG12_err,dG13_err,ddG12_err,ddG21_err,ddG13_err,ddG31_err,ddG23_err,ddG32_err,R1_err,R1b_err,R1c_err,R2_err,R2b_err,R2c_err
U38N3_25C_pH6.4,1,13.530132747883421,60.0,avg,298.15,0.9898,0.0062,0.004,-0.5285729896926072,-6.135500224657142,38100000.0,0.0,1.0,237168.674699,37862831.3253,0.0,0.0,0.392156862745,0.607843137255,4.21640843282e-06,2.55000002641,1.64516129032,3.00564764605,3.26530700875,10.1202600325,7.11461238645,0.0,0.0,18.0077844888,17.7481251261,1.613328476933152,1.613328476933152,1.613328476933152,7.386664791624582,7.386664791624582,7.386664791624582,0.00737834669828,0.0062,0.004,2.3264222560070724,0.38109068868298834,38100000.0,0.0,1.0,334369.464007,37863564.9395,0.0,0.0,0.517133815528,0.695063779572,5.94445379224e-06,3.36266263555,1.88122881443,1.02410480337,0.594890686946,0.835307648328,0.592496228627,0.0,0.0,0.781304442036,0.677501584972,0.08218459982839443,0.08218459982839443,0.08218459982839443,0.1441239293483334,0.1441239293483334,0.1441239293483334
