Name,FitNum,N,DF,K,ChiSq,RedChiSq,Rsq,AdjRsq,AIC,BIC,RSS,TSS,SDR
U38N3_25C_pH6.4,1,507,487,20,6589.174648219226,13.530132747883421,-17.079122896548938,-17.823119723567412,1342.0172881724593,1424.8591131825547,6589.174648219225,364.4631814233095,3.67833287616597
