Name,FitNum,N,DF,K,ChiSq,RedChiSq,Rsq,AdjRsq,AIC,BIC,RSS,TSS,SDR
U38N3_25C_pH6.0,1,507,487,20,6589.174648219226,13.530132747883421,-6.566410507445099,-6.877785425446954,1342.0172881724593,1424.8591131825547,6589.174648219225,870.8455140962408,3.67833287616597
