Name,FitNum,N,DF,K,ChiSq,RedChiSq,Rsq,AdjRsq,AIC,BIC,RSS,TSS,SDR
U38N3_25C_pH7.4,1,507,487,20,6589.174648219226,13.530132747883421,-11.827467949403967,-12.355347288885614,1342.0172881724593,1424.8591131825547,6589.174648219225,513.6769527867261,3.67833287616597
