Name,FitNum,N,DF,K,ChiSq,RedChiSq,Rsq,AdjRsq,AIC,BIC,RSS,TSS,SDR
U23C6_25C_pH6.4,1,1651,1610,41,3311.296402032652,2.056705839771834,0.623313483789718,0.6137148839360066,1231.0276651378338,1452.802259338559,3311.2964020326526,8790.58914915911,1.4341219752070722
