Name,FitNum,RedChiSq,lf,AlignMag,Temp,pA,pB,pC,dwB,dwC,kexAB,kexAC,kexBC,k12,k21,k13,k31,k23,k32,tau1,tau2,tau3,dG12,dG13,ddG12,ddG21,ddG13,ddG31,ddG23,ddG32,R1,R1b,R1c,R2,R2b,R2c,pA_err,pB_err,pC_err,dwB_err,dwC_err,kexAB_err,kexAC_err,kexBC_err,k12_err,k21_err,k13_err,k31_err,k23_err,k32_err,tau1_err,tau2_err,tau3_err,dG12_err,dG13_err,ddG12_err,ddG21_err,ddG13_err,ddG31_err,ddG23_err,ddG32_err,R1_err,R1b_err,R1c_err,R2_err,R2b_err,R2c_err
U38N3_25C_pH6.4,1,9.038650497621786,60.0,avg,298.15,0.9898,0.0062,0.004,3.491715635163745,-7.735736926571515,3810000.0,0.0,100.0,23716.8674699,3786283.13253,0.0,0.0,39.2156862745,60.7843137255,4.21640843282e-05,0.0255002641113,0.0164516129032,3.00564764605,3.26530700875,11.4845065831,8.47885893708,0.0,0.0,15.2792913875,15.0196320248,1.604169374959069,1.604169374959069,1.604169374959069,7.271144758556648,7.271144758556648,7.271144758556648,0.00737834669828,0.0062,0.004,47.53200050278124,3.5059466397716443,3810000.0,0.0,100.0,33436.9464007,3786356.49395,0.0,0.0,51.7133815528,69.5063779572,5.94445379224e-05,0.0336266271136,0.0188122881443,1.02410480337,0.594890686946,0.835307648328,0.592496228627,0.0,0.0,0.781304442036,0.677501584972,0.06957397763044121,0.06957397763044121,0.06957397763044121,0.16241893127294713,0.16241893127294713,0.16241893127294713
