Name,FitNum,N,DF,K,ChiSq,RedChiSq,Rsq,AdjRsq,AIC,BIC,RSS,TSS,SDR
U38N3_25C_pH5.4,1,507,487,20,4401.82279234181,9.038650497621786,-1.389144996199601,-1.4874637203230412,1137.4887368300417,1220.330561840137,4401.822792341811,1842.4259721966498,3.006434848391328
