Name,FitNum,N,DF,K,ChiSq,RedChiSq,Rsq,AdjRsq,AIC,BIC,RSS,TSS,SDR
U38N3_25C_pH6.0,1,507,487,20,4401.82279234181,9.038650497621786,-4.0546540357505325,-4.262664489896646,1137.4887368300417,1220.330561840137,4401.822792341811,870.8455140962408,3.006434848391328
