Name,FitNum,N,DF,K,ChiSq,RedChiSq,Rsq,AdjRsq,AIC,BIC,RSS,TSS,SDR
U38N3_25C_pH6.4,1,507,487,20,4401.82279234181,9.038650497621786,-11.077551359650974,-11.574569934122207,1137.4887368300417,1220.330561840137,4401.822792341811,364.4631814233095,3.006434848391328
