Name,FitNum,N,DF,K,ChiSq,RedChiSq,Rsq,AdjRsq,AIC,BIC,RSS,TSS,SDR
U38N3_25C_pH7.4,1,507,487,20,4401.82279234181,9.038650497621786,-7.569243312283481,-7.921887069990623,1137.4887368300417,1220.330561840137,4401.822792341811,513.6769527867261,3.006434848391328
