Name,FitNum,N,DF,K,ChiSq,RedChiSq,Rsq,AdjRsq,AIC,BIC,RSS,TSS,SDR
U38N3_25C_pH7.0,1,507,487,20,4401.82279234181,9.038650497621786,-7.360327841462066,-7.704374254690958,1137.4887368300417,1220.330561840137,4401.822792341811,526.513179364987,3.006434848391328
