Name,FitNum,RedChiSq,lf,AlignMag,Temp,pA,pB,pC,dwB,dwC,kexAB,kexAC,kexBC,k12,k21,k13,k31,k23,k32,tau1,tau2,tau3,dG12,dG13,ddG12,ddG21,ddG13,ddG31,ddG23,ddG32,R1,R1b,R1c,R2,R2b,R2c,pA_err,pB_err,pC_err,dwB_err,dwC_err,kexAB_err,kexAC_err,kexBC_err,k12_err,k21_err,k13_err,k31_err,k23_err,k32_err,tau1_err,tau2_err,tau3_err,dG12_err,dG13_err,ddG12_err,ddG21_err,ddG13_err,ddG31_err,ddG23_err,ddG32_err,R1_err,R1b_err,R1c_err,R2_err,R2b_err,R2c_err
U38N3_25C_pH7.0,1,9.038650497621786,80.0,auto,298.15,0.9974,0.0016,0.001,2.4132467050957764,-4.541514413256559,3790000.0,0.0,100.0,6070.07007007,3783929.92993,0.0,0.0,38.4615384615,61.5384615385,0.000164742744063,0.0260002642755,0.01625,3.81272720321,4.09119718546,12.2919544884,8.47922728515,0.0,0.0,15.2907963073,15.012326325,1.0170950714504052,1.0170950714504052,1.0170950714504052,7.603874548836571,7.603874548836571,7.603874548836571,0.00188679622641,0.0016,0.001,44.75820165353334,17.264008451484703,3790000.0,0.0,100.0,8577.51145917,3783934.78308,0.0,0.0,50.9872424249,70.0527743761,0.000232795133945,0.0344673760767,0.0184983107337,1.025667168,0.593079539694,0.837229993123,0.592485508795,0.0,0.0,0.785438251647,0.674459507077,0.0969737847044787,0.0969737847044787,0.0969737847044787,0.19509324657079874,0.19509324657079874,0.19509324657079874
