Name,FitNum,RedChiSq,lf,AlignMag,Temp,pA,pB,pC,dwB,dwC,kexAB,kexAC,kexBC,k12,k21,k13,k31,k23,k32,tau1,tau2,tau3,dG12,dG13,ddG12,ddG21,ddG13,ddG31,ddG23,ddG32,R1,R1b,R1c,R2,R2b,R2c,pA_err,pB_err,pC_err,dwB_err,dwC_err,kexAB_err,kexAC_err,kexBC_err,k12_err,k21_err,k13_err,k31_err,k23_err,k32_err,tau1_err,tau2_err,tau3_err,dG12_err,dG13_err,ddG12_err,ddG21_err,ddG13_err,ddG31_err,ddG23_err,ddG32_err,R1_err,R1b_err,R1c_err,R2_err,R2b_err,R2c_err
U38N3_25C_pH7.0,1,13.34202391180335,80.0,auto,298.15,0.9974,0.0016,0.001,-4.783092357053688,-4.829057002267129,37900000.0,0.0,10.0,60700.7007007,37839299.2993,0.0,0.0,3.84615384615,6.15384615385,1.64742744063e-05,0.260000026428,0.1625,3.81272720321,4.09119718546,10.9277079377,7.11498073452,0.0,0.0,16.6550428579,16.3765728756,1.0159527410911446,1.0159527410911446,1.0159527410911446,7.628801594768895,7.628801594768895,7.628801594768895,0.00188679622641,0.0016,0.001,12.767095269160455,3.3282016117976814,37900000.0,0.0,10.0,85775.1145917,37839347.8308,0.0,0.0,5.09872424249,7.00527743761,2.32795133945e-05,0.344673758812,0.184983107337,1.025667168,0.593079539694,0.837229993123,0.592485508795,0.0,0.0,0.785438251647,0.674459507077,0.11642427924543489,0.11642427924543489,0.11642427924543489,0.21003507304188793,0.21003507304188793,0.21003507304188793
