Name,FitNum,N,DF,K,ChiSq,RedChiSq,Rsq,AdjRsq,AIC,BIC,RSS,TSS,SDR
U38N3_25C_pH7.0,1,507,487,20,6497.565645048232,13.34202391180335,-11.340746442253867,-11.848596090083245,1334.9190311224268,1417.7608561325221,6497.565645048235,526.513179364987,3.6526735293211408
