Name,FitNum,N,DF,K,ChiSq,RedChiSq,Rsq,AdjRsq,AIC,BIC,RSS,TSS,SDR
U38N3_25C_pH5.4,1,507,487,20,6497.565645048232,13.34202391180335,-2.526635937128834,-2.6717649880394854,1334.9190311224268,1417.7608561325221,6497.565645048235,1842.4259721966498,3.6526735293211408
