Name,FitNum,N,DF,K,ChiSq,RedChiSq,Rsq,AdjRsq,AIC,BIC,RSS,TSS,SDR
U38N3_25C_pH6.4,1,507,487,20,6497.565645048232,13.34202391180335,-16.827769651995578,-17.56142272409416,1334.9190311224268,1417.7608561325221,6497.565645048235,364.4631814233095,3.6526735293211408
