Name,FitNum,N,DF,K,ChiSq,RedChiSq,Rsq,AdjRsq,AIC,BIC,RSS,TSS,SDR
U38N3_25C_pH6.0,1,507,487,20,6497.565645048232,13.34202391180335,-6.461215037424148,-6.7682609237379,1334.9190311224268,1417.7608561325221,6497.565645048235,870.8455140962408,3.6526735293211408
