Name,FitNum,RedChiSq,lf,AlignMag,Temp,pA,pB,pC,dwB,dwC,kexAB,kexAC,kexBC,k12,k21,k13,k31,k23,k32,tau1,tau2,tau3,dG12,dG13,ddG12,ddG21,ddG13,ddG31,ddG23,ddG32,R1,R1b,R1c,R2,R2b,R2c,pA_err,pB_err,pC_err,dwB_err,dwC_err,kexAB_err,kexAC_err,kexBC_err,k12_err,k21_err,k13_err,k31_err,k23_err,k32_err,tau1_err,tau2_err,tau3_err,dG12_err,dG13_err,ddG12_err,ddG21_err,ddG13_err,ddG31_err,ddG23_err,ddG32_err,R1_err,R1b_err,R1c_err,R2_err,R2b_err,R2c_err
U23C6_25C_pH6.0,1,0.5472630520794218,225.0,avg,298.15,0.9748,0.0154,0.0098,0.9337146357122256,2.057090387430426,38500000.0,0.0,713.2599686831793,598767.925672,37901232.0743,0.0,0.0,277.37887671,435.881091973,1.67009613763e-06,0.00360520357688,0.00229420366796,2.45754664178,2.72534093432,9.57155843055,7.11401178877,0.0,0.0,14.1202090114,13.8524147189,1.7517544647562864,1.7517544647562864,1.7517544647562864,49.31616206112129,49.31616206112129,49.31616206112129,0.0182537667346,0.0154,0.0098,0.8664962797537411,0.06003731384689296,38500000.0,0.0,11.39380893502637,840299.241681,37905817.1332,0.0,0.0,239.763316334,239.823469452,2.34378038271e-06,0.00311627666245,0.00126227976715,1.02102139547,0.598514397945,0.831481553799,0.592556424069,0.0,0.0,0.5121374416,0.325987409626,0.0587263424455234,0.0587263424455234,0.0587263424455234,0.1417942806090121,0.1417942806090121,0.1417942806090121
