Name,FitNum,RedChiSq,lf,AlignMag,Temp,pA,pB,pC,dwB,dwC,kexAB,kexAC,kexBC,k12,k21,k13,k31,k23,k32,tau1,tau2,tau3,dG12,dG13,ddG12,ddG21,ddG13,ddG31,ddG23,ddG32,R1,R1b,R1c,R2,R2b,R2c,pA_err,pB_err,pC_err,dwB_err,dwC_err,kexAB_err,kexAC_err,kexBC_err,k12_err,k21_err,k13_err,k31_err,k23_err,k32_err,tau1_err,tau2_err,tau3_err,dG12_err,dG13_err,ddG12_err,ddG21_err,ddG13_err,ddG31_err,ddG23_err,ddG32_err,R1_err,R1b_err,R1c_err,R2_err,R2b_err,R2c_err
U38N3_25C_pH5.4,1,13.088662455204208,90.0,auto,298.15,0.9064,0.0572,0.0364,-4.314911281669676,-5.1684308802304075,4020000.0,0.0,10.0,238630.136986,3781369.86301,0.0,0.0,3.88888888889,6.11111111111,4.19058553387e-06,0.257143121597,0.163636363636,1.63699199802,1.90478629057,10.1166202721,8.47962827406,0.0,0.0,16.6484959985,16.3807017059,1.6664962402376557,1.6664962402376557,1.6664962402376557,12.599804445305027,12.599804445305027,12.599804445305027,0.0677997050141,0.0572,0.0364,54.18626881137868,3.2118534027122783,4020000.0,0.0,10.0,328040.752018,3788063.41468,0.0,0.0,5.13997782553,6.97435260574,5.76072598075e-06,0.339867928783,0.186751259856,1.00779832252,0.617411451668,0.814478611297,0.593533529473,0.0,0.0,0.783092178328,0.676177781286,0.1958340035172329,0.1958340035172329,0.1958340035172329,2.1179371869549604,2.1179371869549604,2.1179371869549604
