Name,FitNum,N,DF,K,ChiSq,RedChiSq,Rsq,AdjRsq,AIC,BIC,RSS,TSS,SDR
U38N3_25C_pH6.4,1,507,487,20,6374.178615684449,13.088662455204208,-16.48922508658315,-17.20894628356188,1325.1986484243525,1408.040473434448,6374.17861568445,364.4631814233095,3.6178256529584463
