Name,FitNum,N,DF,K,ChiSq,RedChiSq,Rsq,AdjRsq,AIC,BIC,RSS,TSS,SDR
U38N3_25C_pH7.0,1,507,487,20,6374.178615684449,13.088662455204208,-11.106398976322247,-11.604604695512464,1325.1986484243525,1408.040473434448,6374.17861568445,526.513179364987,3.6178256529584463
