Name,FitNum,N,DF,K,ChiSq,RedChiSq,Rsq,AdjRsq,AIC,BIC,RSS,TSS,SDR
U38N3_25C_pH5.4,1,507,487,20,6374.178615684449,13.088662455204208,-2.4596660663032095,-2.60203915545149,1325.1986484243525,1408.040473434448,6374.17861568445,1842.4259721966498,3.6178256529584463
