Name,FitNum,N,DF,K,ChiSq,RedChiSq,Rsq,AdjRsq,AIC,BIC,RSS,TSS,SDR
U38N3_25C_pH6.0,1,507,487,20,6374.178615684449,13.088662455204208,-6.319528564488894,-6.620743731751812,1325.1986484243525,1408.040473434448,6374.17861568445,870.8455140962408,3.6178256529584463
