Name,FitNum,RedChiSq,lf,AlignMag,Temp,pA,pB,pC,dwB,dwC,kexAB,kexAC,kexBC,k12,k21,k13,k31,k23,k32,tau1,tau2,tau3,dG12,dG13,ddG12,ddG21,ddG13,ddG31,ddG23,ddG32,R1,R1b,R1c,R2,R2b,R2c,pA_err,pB_err,pC_err,dwB_err,dwC_err,kexAB_err,kexAC_err,kexBC_err,k12_err,k21_err,k13_err,k31_err,k23_err,k32_err,tau1_err,tau2_err,tau3_err,dG12_err,dG13_err,ddG12_err,ddG21_err,ddG13_err,ddG31_err,ddG23_err,ddG32_err,R1_err,R1b_err,R1c_err,R2_err,R2b_err,R2c_err
U38N3_25C_pH6.4,1,13.088662455204208,60.0,avg,298.15,0.9898,0.0062,0.004,-3.005382605107959,-6.9186264863665174,3810000.0,0.0,10.0,23716.8674699,3786283.13253,0.0,0.0,3.92156862745,6.07843137255,4.21640843282e-05,0.255000264111,0.164516129032,3.00564764605,3.26530700875,11.4845065831,8.47885893708,0.0,0.0,16.6435379382,16.3838785755,1.6125023582371258,1.6125023582371258,1.6125023582371258,7.373811355075063,7.373811355075063,7.373811355075063,0.00737834669828,0.0062,0.004,52.56532889424725,0.7227193518535805,3810000.0,0.0,10.0,33436.9464007,3786356.49395,0.0,0.0,5.17133815528,6.95063779572,5.94445379224e-05,0.336266264305,0.188122881443,1.02410480337,0.594890686946,0.835307648328,0.592496228627,0.0,0.0,0.781304442036,0.677501584972,0.0807005180234762,0.0807005180234762,0.0807005180234762,0.16763567188559567,0.16763567188559567,0.16763567188559567
