Name,FitNum,RedChiSq,lf,AlignMag,Temp,pA,pB,pC,dwB,dwC,kexAB,kexAC,kexBC,k12,k21,k13,k31,k23,k32,tau1,tau2,tau3,dG12,dG13,ddG12,ddG21,ddG13,ddG31,ddG23,ddG32,R1,R1b,R1c,R2,R2b,R2c,pA_err,pB_err,pC_err,dwB_err,dwC_err,kexAB_err,kexAC_err,kexBC_err,k12_err,k21_err,k13_err,k31_err,k23_err,k32_err,tau1_err,tau2_err,tau3_err,dG12_err,dG13_err,ddG12_err,ddG21_err,ddG13_err,ddG31_err,ddG23_err,ddG32_err,R1_err,R1b_err,R1c_err,R2_err,R2b_err,R2c_err
U38N3_25C_pH6.0,1,13.088662455204208,90.0,auto,298.15,0.9748,0.0154,0.0098,4.89976065485711,-5.636789096565141,3850000.0,0.0,10.0,59876.7925672,3790123.20743,0.0,0.0,3.88888888889,6.11111111111,1.67009613763e-05,0.257143120987,0.163636363636,2.45754664178,2.72534093432,10.9358049812,8.4782583394,0.0,0.0,16.6484959985,16.3807017059,1.2955285754716253,1.2955285754716253,1.2955285754716253,10.111261135495331,10.111261135495331,10.111261135495331,0.0182537667346,0.0154,0.0098,74.21084367249394,1.1167864871432125,3850000.0,0.0,10.0,84029.9241681,3790581.71332,0.0,0.0,5.13997782553,6.97435260574,2.34378038271e-05,0.339867923422,0.186751259856,1.02102139547,0.598514397945,0.831481553799,0.592556424069,0.0,0.0,0.783092178328,0.676177781286,0.09210737585384439,0.09210737585384439,0.09210737585384439,0.9143214717654958,0.9143214717654958,0.9143214717654958
