Name,FitNum,N,DF,K,ChiSq,RedChiSq,Rsq,AdjRsq,AIC,BIC,RSS,TSS,SDR
U38N3_25C_pH6.4,1,507,487,20,5577.785433961291,11.453358180618668,-14.304112234818351,-14.933911092218285,1257.5326964303558,1340.3745214404512,5577.785433961291,364.4631814233095,3.3842810433855326
