Name,FitNum,N,DF,K,ChiSq,RedChiSq,Rsq,AdjRsq,AIC,BIC,RSS,TSS,SDR
U38N3_25C_pH7.0,1,507,487,20,5577.785433961291,11.453358180618668,-9.593819210163941,-10.029778848442293,1257.5326964303558,1340.3745214404512,5577.785433961291,526.513179364987,3.3842810433855326
