Name,FitNum,N,DF,K,ChiSq,RedChiSq,Rsq,AdjRsq,AIC,BIC,RSS,TSS,SDR
U38N3_25C_pH5.4,1,507,487,20,5577.785433961291,11.453358180618668,-2.0274135938884554,-2.151998515447651,1257.5326964303558,1340.3745214404512,5577.785433961291,1842.4259721966498,3.3842810433855326
