Name,FitNum,N,DF,K,ChiSq,RedChiSq,Rsq,AdjRsq,AIC,BIC,RSS,TSS,SDR
U38N3_25C_pH6.0,1,507,487,20,5577.785433961291,11.453358180618668,-5.405022869928761,-5.668604057991673,1257.5326964303558,1340.3745214404512,5577.785433961291,870.8455140962408,3.3842810433855326
