Name,FitNum,N,DF,K,ChiSq,RedChiSq,Rsq,AdjRsq,AIC,BIC,RSS,TSS,SDR
U38N3_25C_pH7.4,1,507,487,20,5577.785433961291,11.453358180618668,-9.858547193331322,-10.305400987295576,1257.5326964303558,1340.3745214404512,5577.785433961291,513.6769527867261,3.3842810433855326
