Name,FitNum,N,DF,K,ChiSq,RedChiSq,Rsq,AdjRsq,AIC,BIC,RSS,TSS,SDR
U38N3_25C_pH7.0,1,507,487,20,1668.7002965572626,3.4264893153126543,-2.169341930946223,-2.299767524812323,645.7120870342831,728.5539120443783,1668.7002965572628,526.513179364987,1.8510778793213036
