Name,FitNum,N,DF,K,ChiSq,RedChiSq,Rsq,AdjRsq,AIC,BIC,RSS,TSS,SDR
U38N3_25C_pH6.4,1,507,487,20,1668.7002965572626,3.4264893153126543,-3.57851542106563,-3.766931693537466,645.7120870342831,728.5539120443783,1668.7002965572628,364.4631814233095,1.8510778793213036
