Name,FitNum,N,DF,K,ChiSq,RedChiSq,Rsq,AdjRsq,AIC,BIC,RSS,TSS,SDR
U38N3_25C_pH7.4,1,507,487,20,1668.7002965572626,3.4264893153126543,-2.248540327738028,-2.3822251148877416,645.7120870342831,728.5539120443783,1668.7002965572628,513.6769527867261,1.8510778793213036
