Name,FitNum,RedChiSq,lf,AlignMag,Temp,pA,pB,pC,dwB,dwC,kexAB,kexAC,kexBC,k12,k21,k13,k31,k23,k32,tau1,tau2,tau3,dG12,dG13,ddG12,ddG21,ddG13,ddG31,ddG23,ddG32,R1,R1b,R1c,R2,R2b,R2c,pA_err,pB_err,pC_err,dwB_err,dwC_err,kexAB_err,kexAC_err,kexBC_err,k12_err,k21_err,k13_err,k31_err,k23_err,k32_err,tau1_err,tau2_err,tau3_err,dG12_err,dG13_err,ddG12_err,ddG21_err,ddG13_err,ddG31_err,ddG23_err,ddG32_err,R1_err,R1b_err,R1c_err,R2_err,R2b_err,R2c_err
U38N3_25C_pH5.4,1,3.4264893153126543,90.0,auto,298.15,0.9064,0.0572,0.0364,-3.5729601515890126,-2.6481412299689095,40200000.0,0.0,1000.0,2386301.36986,37813698.6301,0.0,0.0,388.888888889,611.111111111,4.19058553387e-07,0.00257145501687,0.00163636363636,1.63699199802,1.90478629057,8.75237372145,7.11538172343,0.0,0.0,13.9200028972,13.6522086047,2.055981804718101,2.055981804718101,2.055981804718101,8.927904632909724,8.927904632909724,8.927904632909724,0.0677997050141,0.0572,0.0364,2.501179204262263,0.16234964850030148,40200000.0,0.0,1000.0,3280407.52018,37880634.1468,0.0,0.0,513.997782553,697.435260574,5.76072598075e-07,0.00339867994118,0.00186751259856,1.00779832252,0.617411451668,0.814478611297,0.593533529473,0.0,0.0,0.783092178328,0.676177781286,0.09933352088364875,0.09933352088364875,0.09933352088364875,0.23268730682106628,0.23268730682106628,0.23268730682106628
