Name,FitNum,N,DF,K,ChiSq,RedChiSq,Rsq,AdjRsq,AIC,BIC,RSS,TSS,SDR
U38N3_25C_pH6.0,1,507,487,20,1668.7002965572626,3.4264893153126543,-0.9161840642757768,-0.9950393755628459,645.7120870342831,728.5539120443783,1668.7002965572628,870.8455140962408,1.8510778793213036
