Name,FitNum,N,DF,K,ChiSq,RedChiSq,Rsq,AdjRsq,AIC,BIC,RSS,TSS,SDR
U38N3_25C_pH5.4,1,507,487,20,1668.7002965572626,3.4264893153126543,0.09429180779093171,0.05701986572471485,645.7120870342831,728.5539120443783,1668.7002965572628,1842.4259721966498,1.8510778793213036
