Name,FitNum,N,DF,K,ChiSq,RedChiSq,Rsq,AdjRsq,AIC,BIC,RSS,TSS,SDR
U38N3_25C_pH7.0,1,507,487,20,6755.309630493961,13.871272341876717,-11.830276420889131,-12.358271335329013,1354.6419481343166,1437.483773144412,6755.309630493962,526.513179364987,3.7244157047618516
