Name,FitNum,N,DF,K,ChiSq,RedChiSq,Rsq,AdjRsq,AIC,BIC,RSS,TSS,SDR
U38N3_25C_pH5.4,1,507,487,20,6755.309630493961,13.871272341876717,-2.666529745257488,-2.8174157430047093,1354.6419481343166,1437.483773144412,6755.309630493962,1842.4259721966498,3.7244157047618516
