Name,FitNum,N,DF,K,ChiSq,RedChiSq,Rsq,AdjRsq,AIC,BIC,RSS,TSS,SDR
U38N3_25C_pH6.4,1,507,487,20,6755.309630493961,13.871272341876717,-17.534957644042343,-18.29771310264491,1354.6419481343166,1437.483773144412,6755.309630493962,364.4631814233095,3.7244157047618516
