Name,FitNum,RedChiSq,lf,AlignMag,Temp,pA,pB,pC,dwB,dwC,kexAB,kexAC,kexBC,k12,k21,k13,k31,k23,k32,tau1,tau2,tau3,dG12,dG13,ddG12,ddG21,ddG13,ddG31,ddG23,ddG32,R1,R1b,R1c,R2,R2b,R2c,pA_err,pB_err,pC_err,dwB_err,dwC_err,kexAB_err,kexAC_err,kexBC_err,k12_err,k21_err,k13_err,k31_err,k23_err,k32_err,tau1_err,tau2_err,tau3_err,dG12_err,dG13_err,ddG12_err,ddG21_err,ddG13_err,ddG31_err,ddG23_err,ddG32_err,R1_err,R1b_err,R1c_err,R2_err,R2b_err,R2c_err
U38N3_25C_pH6.4,1,13.871272341876717,60.0,avg,298.15,0.9898,0.0062,0.004,0.872144477437223,-2.73214113900243,38100000.0,0.0,100000.0,237168.674699,37862831.3253,0.0,0.0,39215.6862745,60784.3137255,4.21640843282e-06,2.55264111258e-05,1.64516129032e-05,3.00564764605,3.26530700875,10.1202600325,7.11461238645,0.0,0.0,11.1865517356,10.9268923729,1.6079043692958246,1.6079043692958246,1.6079043692958246,7.3361345765352795,7.3361345765352795,7.3361345765352795,0.00737834669828,0.0062,0.004,0.9685646182638832,2.4015052589338306,38100000.0,0.0,100000.0,334369.464007,37863564.9395,0.0,0.0,51713.3815528,69506.3779572,5.94445379224e-06,3.36267125092e-05,1.88122881443e-05,1.02410480337,0.594890686946,0.835307648328,0.592496228627,0.0,0.0,0.781304442036,0.677501584972,0.08258803780578686,0.08258803780578686,0.08258803780578686,0.17564299708888195,0.17564299708888195,0.17564299708888195
