Name,FitNum,N,DF,K,ChiSq,RedChiSq,Rsq,AdjRsq,AIC,BIC,RSS,TSS,SDR
U38N3_25C_pH6.0,1,507,487,20,6755.309630493961,13.871272341876717,-6.757184852131425,-7.076410566210907,1354.6419481343166,1437.483773144412,6755.309630493962,870.8455140962408,3.7244157047618516
