Name,FitNum,N,DF,K,ChiSq,RedChiSq,Rsq,AdjRsq,AIC,BIC,RSS,TSS,SDR
U38N3_25C_pH7.4,1,507,487,20,6755.309630493961,13.871272341876717,-12.150891029558617,-12.692079960816175,1354.6419481343166,1437.483773144412,6755.309630493962,513.6769527867261,3.7244157047618516
