Name,FitNum,N,DF,K,ChiSq,RedChiSq,Rsq,AdjRsq,AIC,BIC,RSS,TSS,SDR
U38N3_25C_pH7.4,1,507,487,20,1669.1060311152985,3.427322445821968,-2.249330191008775,-2.383047482819836,645.8353460863327,728.677171096428,1669.1060311152983,513.6769527867261,1.8513029049353236
