Name,FitNum,N,DF,K,ChiSq,RedChiSq,Rsq,AdjRsq,AIC,BIC,RSS,TSS,SDR
U38N3_25C_pH5.4,1,507,487,20,1669.1060311152985,3.427322445821968,0.09407159022769807,0.05679058571031936,645.8353460863327,728.677171096428,1669.1060311152983,1842.4259721966498,1.8513029049353236
