Name,FitNum,RedChiSq,lf,AlignMag,Temp,pA,pB,pC,dwB,dwC,kexAB,kexAC,kexBC,k12,k21,k13,k31,k23,k32,tau1,tau2,tau3,dG12,dG13,ddG12,ddG21,ddG13,ddG31,ddG23,ddG32,R1,R1b,R1c,R2,R2b,R2c,pA_err,pB_err,pC_err,dwB_err,dwC_err,kexAB_err,kexAC_err,kexBC_err,k12_err,k21_err,k13_err,k31_err,k23_err,k32_err,tau1_err,tau2_err,tau3_err,dG12_err,dG13_err,ddG12_err,ddG21_err,ddG13_err,ddG31_err,ddG23_err,ddG32_err,R1_err,R1b_err,R1c_err,R2_err,R2b_err,R2c_err
U38N3_25C_pH7.4,1,3.427322445821968,90.0,auto,298.15,0.99897,0.00063,0.0004,0.2284734359313582,-5.816253965880481,3790000.0,0.0,1000.0,2388.65546218,3787611.34454,0.0,0.0,388.349514563,611.650485437,0.000418645558487,0.00257526401864,0.00163492063492,4.36587804135,4.63501736228,12.8445291737,8.47865113239,0.0,0.0,13.9208252218,13.6516859008,1.4749317921371814,1.4749317921371814,1.4749317921371814,8.48262744624464,8.48262744624464,8.48262744624464,0.000746257328272,0.00063,0.0004,6.555582737587743,1.399638539039004,3790000.0,0.0,1000.0,3377.00507155,3787612.09679,0.0,0.0,513.478634846,697.826109655,0.000591867766857,0.00340468436039,0.00186526510389,1.02599830528,0.592722104922,0.83763608168,0.592484866566,0.0,0.0,0.783387769574,0.675960106621,0.03535888897953331,0.03535888897953331,0.03535888897953331,0.06461464459437036,0.06461464459437036,0.06461464459437036
