Name,FitNum,N,DF,K,ChiSq,RedChiSq,Rsq,AdjRsq,AIC,BIC,RSS,TSS,SDR
U38N3_25C_pH6.0,1,507,487,20,1669.1060311152985,3.427322445821968,-0.9166499730408422,-0.9955244575281199,645.8353460863327,728.677171096428,1669.1060311152983,870.8455140962408,1.8513029049353236
