Name,FitNum,RedChiSq,lf,AlignMag,Temp,pA,pB,pC,dwB,dwC,kexAB,kexAC,kexBC,k12,k21,k13,k31,k23,k32,tau1,tau2,tau3,dG12,dG13,ddG12,ddG21,ddG13,ddG31,ddG23,ddG32,R1,R1b,R1c,R2,R2b,R2c,pA_err,pB_err,pC_err,dwB_err,dwC_err,kexAB_err,kexAC_err,kexBC_err,k12_err,k21_err,k13_err,k31_err,k23_err,k32_err,tau1_err,tau2_err,tau3_err,dG12_err,dG13_err,ddG12_err,ddG21_err,ddG13_err,ddG31_err,ddG23_err,ddG32_err,R1_err,R1b_err,R1c_err,R2_err,R2b_err,R2c_err
U38N3_25C_pH6.4,1,3.427322445821968,60.0,avg,298.15,0.9898,0.0062,0.004,-2.8935443151889984,-5.9800924817111385,3810000.0,0.0,1000.0,23716.8674699,3786283.13253,0.0,0.0,392.156862745,607.843137255,4.21640843282e-05,0.00255026411126,0.00164516129032,3.00564764605,3.26530700875,11.4845065831,8.47885893708,0.0,0.0,13.9150448369,13.6553854742,1.6198941164689549,1.6198941164689549,1.6198941164689549,6.546494838953051,6.546494838953051,6.546494838953051,0.00737834669828,0.0062,0.004,25.164900200841803,0.2995909683058705,3810000.0,0.0,1000.0,33436.9464007,3786356.49395,0.0,0.0,517.133815528,695.063779572,5.94445379224e-05,0.00336266340367,0.00188122881443,1.02410480337,0.594890686946,0.835307648328,0.592496228627,0.0,0.0,0.781304442036,0.677501584972,0.042124473011388955,0.042124473011388955,0.042124473011388955,0.08618683254318264,0.08618683254318264,0.08618683254318264
