Name,FitNum,N,DF,K,ChiSq,RedChiSq,Rsq,AdjRsq,AIC,BIC,RSS,TSS,SDR
U38N3_25C_pH7.0,1,507,487,20,1669.1060311152985,3.427322445821968,-2.1701125375975603,-2.3005698436715343,645.8353460863327,728.677171096428,1669.1060311152983,526.513179364987,1.8513029049353236
