Name,FitNum,N,DF,K,ChiSq,RedChiSq,Rsq,AdjRsq,AIC,BIC,RSS,TSS,SDR
U38N3_25C_pH6.4,1,507,487,20,1669.1060311152985,3.427322445821968,-3.579628659874694,-3.7680907446432004,645.8353460863327,728.677171096428,1669.1060311152983,364.4631814233095,1.8513029049353236
