Name,FitNum,RedChiSq,lf,AlignMag,Temp,pA,pB,pC,dwB,dwC,kexAB,kexAC,kexBC,k12,k21,k13,k31,k23,k32,tau1,tau2,tau3,dG12,dG13,ddG12,ddG21,ddG13,ddG31,ddG23,ddG32,R1,R1b,R1c,R2,R2b,R2c,pA_err,pB_err,pC_err,dwB_err,dwC_err,kexAB_err,kexAC_err,kexBC_err,k12_err,k21_err,k13_err,k31_err,k23_err,k32_err,tau1_err,tau2_err,tau3_err,dG12_err,dG13_err,ddG12_err,ddG21_err,ddG13_err,ddG31_err,ddG23_err,ddG32_err,R1_err,R1b_err,R1c_err,R2_err,R2b_err,R2c_err
U38N3_25C_pH5.4,1,3.427322445821968,90.0,auto,298.15,0.9064,0.0572,0.0364,-3.2206653865654338,-2.6211116362280085,4020000.0,0.0,1000.0,238630.136986,3781369.86301,0.0,0.0,388.888888889,611.111111111,4.19058553387e-06,0.00257169302586,0.00163636363636,1.63699199802,1.90478629057,10.1166202721,8.47962827406,0.0,0.0,13.9200028972,13.6522086047,2.05586989964492,2.05586989964492,2.05586989964492,8.89988585835441,8.89988585835441,8.89988585835441,0.0677997050141,0.0572,0.0364,22.392172243920776,1.3277913412028508,4020000.0,0.0,1000.0,328040.752018,3788063.41468,0.0,0.0,513.997782553,697.435260574,5.76072598075e-06,0.00339868648386,0.00186751259856,1.00779832252,0.617411451668,0.814478611297,0.593533529473,0.0,0.0,0.783092178328,0.676177781286,0.10275076258863704,0.10275076258863704,0.10275076258863704,0.6909233997666768,0.6909233997666768,0.6909233997666768
