Name,FitNum,N,DF,K,ChiSq,RedChiSq,Rsq,AdjRsq,AIC,BIC,RSS,TSS,SDR
U38N3_25C_pH6.4,1,507,487,20,6534.059159839079,13.416959260449854,-16.927899148336817,-17.66567277584039,1337.7586249016852,1420.6004499117805,6534.059159839077,364.4631814233095,3.662916769522596
U38N3_25C_pH6.4,1,507,487,20,6534.059159839079,13.416959260449854,-16.927899148336817,-17.66567277584039,1337.7586249016852,1420.6004499117805,6534.059159839077,364.4631814233095,3.662916769522596
