Name,FitNum,N,DF,K,ChiSq,RedChiSq,Rsq,AdjRsq,AIC,BIC,RSS,TSS,SDR
U38N3_25C_pH7.0,1,507,487,20,6534.059159839079,13.416959260449854,-11.41005812564773,-11.92076010612706,1337.7586249016852,1420.6004499117805,6534.059159839077,526.513179364987,3.662916769522596
U38N3_25C_pH7.0,1,507,487,20,6534.059159839079,13.416959260449854,-11.41005812564773,-11.92076010612706,1337.7586249016852,1420.6004499117805,6534.059159839077,526.513179364987,3.662916769522596
