Name,FitNum,RedChiSq,lf,AlignMag,Temp,pA,pB,pC,dwB,dwC,kexAB,kexAC,kexBC,k12,k21,k13,k31,k23,k32,tau1,tau2,tau3,dG12,dG13,ddG12,ddG21,ddG13,ddG31,ddG23,ddG32,R1,R1b,R1c,R2,R2b,R2c,pA_err,pB_err,pC_err,dwB_err,dwC_err,kexAB_err,kexAC_err,kexBC_err,k12_err,k21_err,k13_err,k31_err,k23_err,k32_err,tau1_err,tau2_err,tau3_err,dG12_err,dG13_err,ddG12_err,ddG21_err,ddG13_err,ddG31_err,ddG23_err,ddG32_err,R1_err,R1b_err,R1c_err,R2_err,R2b_err,R2c_err
U38N3_25C_pH6.0,1,13.416959260449854,90.0,auto,298.15,0.9748,0.0154,0.0098,2.697937365037104,-4.703585259802095,3850000.0,0.0,1.0,59876.7925672,3790123.20743,0.0,0.0,0.388888888889,0.611111111111,1.67009613763e-05,2.57142883527,1.63636363636,2.45754664178,2.72534093432,10.9358049812,8.4782583394,0.0,0.0,18.0127425491,17.7449482565,1.2984829271306062,1.2984829271306062,1.2984829271306062,10.159035314831733,10.159035314831733,10.159035314831733,0.0182537667346,0.0154,0.0098,43.64619080245666,0.6687182358153198,3850000.0,0.0,1.0,84029.9241681,3790581.71332,0.0,0.0,0.513997782553,0.697435260574,2.34378038271e-05,3.39867921715,1.86751259856,1.02102139547,0.598514397945,0.831481553799,0.592556424069,0.0,0.0,0.783092178328,0.676177781286,0.09284448384264936,0.09284448384264936,0.09284448384264936,0.3675443867189543,0.3675443867189543,0.3675443867189543
U38N3_25C_pH6.0,1,13.416959260449854,90.0,auto,298.15,0.9748,0.0154,0.0098,2.697937365037104,-4.703585259802095,3850000.0,0.0,1.0,59876.7925672,3790123.20743,0.0,0.0,0.388888888889,0.611111111111,1.67009613763e-05,2.57142883527,1.63636363636,2.45754664178,2.72534093432,10.9358049812,8.4782583394,0.0,0.0,18.0127425491,17.7449482565,1.2984829271306062,1.2984829271306062,1.2984829271306062,10.159035314831733,10.159035314831733,10.159035314831733,0.0182537667346,0.0154,0.0098,43.64619080245666,0.6687182358153198,3850000.0,0.0,1.0,84029.9241681,3790581.71332,0.0,0.0,0.513997782553,0.697435260574,2.34378038271e-05,3.39867921715,1.86751259856,1.02102139547,0.598514397945,0.831481553799,0.592556424069,0.0,0.0,0.783092178328,0.676177781286,0.09284448384264936,0.09284448384264936,0.09284448384264936,0.3675443867189543,0.3675443867189543,0.3675443867189543
