Name,FitNum,N,DF,K,ChiSq,RedChiSq,Rsq,AdjRsq,AIC,BIC,RSS,TSS,SDR
U38N3_25C_pH7.4,1,507,487,20,6534.059159839079,13.416959260449854,-11.720171937618462,-12.243635803364079,1337.7586249016852,1420.6004499117805,6534.059159839077,513.6769527867261,3.662916769522596
U38N3_25C_pH7.4,1,507,487,20,6534.059159839079,13.416959260449854,-11.720171937618462,-12.243635803364079,1337.7586249016852,1420.6004499117805,6534.059159839077,513.6769527867261,3.662916769522596
