Name,FitNum,N,DF,K,ChiSq,RedChiSq,Rsq,AdjRsq,AIC,BIC,RSS,TSS,SDR
U38N3_25C_pH5.4,1,507,487,20,6534.059159839079,13.416959260449854,-2.546443253863157,-2.6923874206888017,1337.7586249016852,1420.6004499117805,6534.059159839077,1842.4259721966498,3.662916769522596
U38N3_25C_pH5.4,1,507,487,20,6534.059159839079,13.416959260449854,-2.546443253863157,-2.6923874206888017,1337.7586249016852,1420.6004499117805,6534.059159839077,1842.4259721966498,3.662916769522596
