Name,FitNum,N,DF,K,ChiSq,RedChiSq,Rsq,AdjRsq,AIC,BIC,RSS,TSS,SDR
U38N3_25C_pH6.0,1,507,487,20,6534.059159839079,13.416959260449854,-6.503120879735015,-6.811891286308473,1337.7586249016852,1420.6004499117805,6534.059159839077,870.8455140962408,3.662916769522596
U38N3_25C_pH6.0,1,507,487,20,6534.059159839079,13.416959260449854,-6.503120879735015,-6.811891286308473,1337.7586249016852,1420.6004499117805,6534.059159839077,870.8455140962408,3.662916769522596
