Name,FitNum,RedChiSq,lf,AlignMag,Temp,pA,pB,pC,dwB,dwC,kexAB,kexAC,kexBC,k12,k21,k13,k31,k23,k32,tau1,tau2,tau3,dG12,dG13,ddG12,ddG21,ddG13,ddG31,ddG23,ddG32,R1,R1b,R1c,R2,R2b,R2c,pA_err,pB_err,pC_err,dwB_err,dwC_err,kexAB_err,kexAC_err,kexBC_err,k12_err,k21_err,k13_err,k31_err,k23_err,k32_err,tau1_err,tau2_err,tau3_err,dG12_err,dG13_err,ddG12_err,ddG21_err,ddG13_err,ddG31_err,ddG23_err,ddG32_err,R1_err,R1b_err,R1c_err,R2_err,R2b_err,R2c_err
U38N3_25C_pH7.4,1,13.416959260449854,90.0,auto,298.15,0.99897,0.00063,0.0004,-0.6445620702943178,-3.2758204606320827,3790000.0,0.0,1.0,2388.65546218,3787611.34454,0.0,0.0,0.388349514563,0.611650485437,0.000418645558487,2.57500026402,1.63492063492,4.36587804135,4.63501736228,12.8445291737,8.47865113239,0.0,0.0,18.0135648737,17.7444255527,1.4858788603962836,1.4858788603962836,1.4858788603962836,8.614648615754476,8.614648615754476,8.614648615754476,0.000746257328272,0.00063,0.0004,6.547763928925731,2.2764611301246647,3790000.0,0.0,1.0,3377.00507155,3787612.09679,0.0,0.0,0.513478634846,0.697826109655,0.000591867766857,3.40468427325,1.86526510389,1.02599830528,0.592722104922,0.83763608168,0.592484866566,0.0,0.0,0.783387769574,0.675960106621,0.06718963337519127,0.06718963337519127,0.06718963337519127,0.12109404757955569,0.12109404757955569,0.12109404757955569
U38N3_25C_pH7.4,1,13.416959260449854,90.0,auto,298.15,0.99897,0.00063,0.0004,-0.6445620702943178,-3.2758204606320827,3790000.0,0.0,1.0,2388.65546218,3787611.34454,0.0,0.0,0.388349514563,0.611650485437,0.000418645558487,2.57500026402,1.63492063492,4.36587804135,4.63501736228,12.8445291737,8.47865113239,0.0,0.0,18.0135648737,17.7444255527,1.4858788603962836,1.4858788603962836,1.4858788603962836,8.614648615754476,8.614648615754476,8.614648615754476,0.000746257328272,0.00063,0.0004,6.547763928925731,2.2764611301246647,3790000.0,0.0,1.0,3377.00507155,3787612.09679,0.0,0.0,0.513478634846,0.697826109655,0.000591867766857,3.40468427325,1.86526510389,1.02599830528,0.592722104922,0.83763608168,0.592484866566,0.0,0.0,0.783387769574,0.675960106621,0.06718963337519127,0.06718963337519127,0.06718963337519127,0.12109404757955569,0.12109404757955569,0.12109404757955569
