Name,FitNum,N,DF,K,ChiSq,RedChiSq,Rsq,AdjRsq,AIC,BIC,RSS,TSS,SDR
U38N3_25C_pH7.4,1,1651,1610,41,3117.2161671932777,1.9361591100579365,-5.068436884859649,-5.223070764461417,1131.3082135815143,1353.0828077822396,3117.216167193277,513.6769527867261,1.391459345456394
