Name,FitNum,N,DF,K,ChiSq,RedChiSq,Rsq,AdjRsq,AIC,BIC,RSS,TSS,SDR
U38N3_25C_pH5.4,1,507,487,20,6590.205135919738,13.532248739054902,-2.576917192533115,-2.724115430908963,1342.0965722167439,1424.9383972268392,6590.205135919736,1842.4259721966498,3.6786204940242064
