Name,FitNum,N,DF,K,ChiSq,RedChiSq,Rsq,AdjRsq,AIC,BIC,RSS,TSS,SDR
U38N3_25C_pH7.0,1,507,487,20,6590.205135919738,13.532248739054902,-11.516695486840426,-12.031785836093118,1342.0965722167439,1424.9383972268392,6590.205135919736,526.513179364987,3.6786204940242064
