Name,FitNum,N,DF,K,ChiSq,RedChiSq,Rsq,AdjRsq,AIC,BIC,RSS,TSS,SDR
U38N3_25C_pH6.0,1,507,487,20,6590.205135919738,13.532248739054902,-6.567593826051936,-6.879017440292756,1342.0965722167439,1424.9383972268392,6590.205135919736,870.8455140962408,3.6786204940242064
