Name,FitNum,N,DF,K,ChiSq,RedChiSq,Rsq,AdjRsq,AIC,BIC,RSS,TSS,SDR
U38N3_25C_pH6.4,1,507,487,20,6590.205135919738,13.532248739054902,-17.081950308899582,-17.82606349033578,1342.0965722167439,1424.9383972268392,6590.205135919736,364.4631814233095,3.6786204940242064
