Name,FitNum,N,DF,K,ChiSq,RedChiSq,Rsq,AdjRsq,AIC,BIC,RSS,TSS,SDR
U38N3_25C_pH7.4,1,507,487,20,6590.205135919738,13.532248739054902,-11.829474050115554,-12.357435945182038,1342.0965722167439,1424.9383972268392,6590.205135919736,513.6769527867261,3.6786204940242064
