Name,FitNum,N,DF,K,ChiSq,RedChiSq,Rsq,AdjRsq,AIC,BIC,RSS,TSS,SDR
U23C6_25C_pH7.4,1,1651,1611,40,3041.9410790371912,1.8882315822701374,0.8527806395801121,0.8491230157187484,1088.950302931461,1305.3157606882662,3041.9410790371912,20662.642945609852,1.374129390658004
