Name,FitNum,N,DF,K,ChiSq,RedChiSq,Rsq,AdjRsq,AIC,BIC,RSS,TSS,SDR
U38N3_25C_pH7.0,1,1289,1248,41,2499.1003770745415,2.0024842765020363,-3.7465105813469606,-3.902570672634231,938.1624455356626,1147.0271192680377,2499.100377074541,526.513179364987,1.4150916141727488
