Name,FitNum,N,DF,K,ChiSq,RedChiSq,Rsq,AdjRsq,AIC,BIC,RSS,TSS,SDR
U38N3_25C_pH5.4,1,1289,1248,41,2499.1003770745415,2.0024842765020363,-0.35641833907441334,-0.40101589472962673,938.1624455356626,1147.0271192680377,2499.100377074541,1842.4259721966498,1.4150916141727488
