Name,FitNum,N,DF,K,ChiSq,RedChiSq,Rsq,AdjRsq,AIC,BIC,RSS,TSS,SDR
U38N3_25C_pH6.4,1,507,487,20,6575.8203820425415,13.502711256760865,-17.042481976814525,-17.784970947053807,1340.9887096947239,1423.8305347048192,6575.820382042543,364.4631814233095,3.6746035509644943
