Name,FitNum,N,DF,K,ChiSq,RedChiSq,Rsq,AdjRsq,AIC,BIC,RSS,TSS,SDR
U38N3_25C_pH5.4,1,507,487,20,6575.8203820425415,13.502711256760865,-2.569109685423322,-2.7159866272102904,1340.9887096947239,1423.8305347048192,6575.820382042543,1842.4259721966498,3.6746035509644943
