Name,FitNum,RedChiSq,lf,AlignMag,Temp,pA,pB,pC,dwB,dwC,kexAB,kexAC,kexBC,k12,k21,k13,k31,k23,k32,tau1,tau2,tau3,dG12,dG13,ddG12,ddG21,ddG13,ddG31,ddG23,ddG32,R1,R1b,R1c,R2,R2b,R2c,pA_err,pB_err,pC_err,dwB_err,dwC_err,kexAB_err,kexAC_err,kexBC_err,k12_err,k21_err,k13_err,k31_err,k23_err,k32_err,tau1_err,tau2_err,tau3_err,dG12_err,dG13_err,ddG12_err,ddG21_err,ddG13_err,ddG31_err,ddG23_err,ddG32_err,R1_err,R1b_err,R1c_err,R2_err,R2b_err,R2c_err
U38N3_25C_pH7.4,1,13.502711256760865,90.0,auto,298.15,0.99897,0.00063,0.0004,2.9816694151830836,-4.598218046728255,3790000.0,0.0,0.1,2388.65546218,3787611.34454,0.0,0.0,0.0388349514563,0.0611650485437,0.000418645558487,25.750000264,16.3492063492,4.36587804135,4.63501736228,12.8445291737,8.47865113239,0.0,0.0,19.3778114243,19.1086721034,1.4857159815645236,1.4857159815645236,1.4857159815645236,8.614174771045201,8.614174771045201,8.614174771045201,0.000746257328272,0.00063,0.0004,20.00447046551523,1.7714958361322615,3790000.0,0.0,0.1,3377.00507155,3787612.09679,0.0,0.0,0.0513478634846,0.0697826109655,0.000591867766857,34.0468427318,18.6526510389,1.02599830528,0.592722104922,0.83763608168,0.592484866566,0.0,0.0,0.783387769574,0.675960106621,0.06833913583760534,0.06833913583760534,0.06833913583760534,0.12935228310596583,0.12935228310596583,0.12935228310596583
