Name,FitNum,RedChiSq,lf,AlignMag,Temp,pA,pB,pC,dwB,dwC,kexAB,kexAC,kexBC,k12,k21,k13,k31,k23,k32,tau1,tau2,tau3,dG12,dG13,ddG12,ddG21,ddG13,ddG31,ddG23,ddG32,R1,R1b,R1c,R2,R2b,R2c,pA_err,pB_err,pC_err,dwB_err,dwC_err,kexAB_err,kexAC_err,kexBC_err,k12_err,k21_err,k13_err,k31_err,k23_err,k32_err,tau1_err,tau2_err,tau3_err,dG12_err,dG13_err,ddG12_err,ddG21_err,ddG13_err,ddG31_err,ddG23_err,ddG32_err,R1_err,R1b_err,R1c_err,R2_err,R2b_err,R2c_err
U38N3_25C_pH5.4,1,13.502711256760865,90.0,auto,298.15,0.9064,0.0572,0.0364,-3.569837454453645,-5.122137233455665,4020000.0,0.0,0.1,238630.136986,3781369.86301,0.0,0.0,0.0388888888889,0.0611111111111,4.19058553387e-06,25.7142859787,16.3636363636,1.63699199802,1.90478629057,10.1166202721,8.47962827406,0.0,0.0,19.3769890997,19.1091948072,1.6702050519784815,1.6702050519784815,1.6702050519784815,12.728545091707074,12.728545091707074,12.728545091707074,0.0677997050141,0.0572,0.0364,50.56081140363498,2.999615870511086,4020000.0,0.0,0.1,328040.752018,3788063.41468,0.0,0.0,0.0513997782553,0.0697435260574,5.76072598075e-06,33.9867921597,18.6751259856,1.00779832252,0.617411451668,0.814478611297,0.593533529473,0.0,0.0,0.783092178328,0.676177781286,0.19697970051147332,0.19697970051147332,0.19697970051147332,1.6475806534347992,1.6475806534347992,1.6475806534347992
