Name,FitNum,N,DF,K,ChiSq,RedChiSq,Rsq,AdjRsq,AIC,BIC,RSS,TSS,SDR
U38N3_25C_pH6.0,1,507,487,20,6575.8203820425415,13.502711256760865,-6.551075679441143,-6.861819534562179,1340.9887096947239,1423.8305347048192,6575.820382042543,870.8455140962408,3.6746035509644943
